{"Aeroporto Marco Polo": [45.50354, 12.34258], "Piazza Erminio Ferretto": [45.49479, 12.24251], "Piazzale Roma": [45.43801, 12.31885], "Ponte di Rialto": [45.43805, 12.33593], "Piazza San Marco": [45.434, 12.338]}